Application,ProcessID,SwapChainAddress,Runtime,SyncInterval,PresentFlags,Dropped,TimeInSeconds,msInPresentAPI,msBetweenPresents,AllowsTearing,PresentMode,msUntilRenderComplete,msUntilDisplayed,msBetweenDisplayChange
javaw.exe,9436,0x0000000000000000,Other,0,0,0,0.07265800000000,0.00000000000000,13.21310000000000,1,Hardware: Legacy Flip,6.48220000000000,6.48220000000000,13.20190000000000
javaw.exe,9436,0x0000000000000000,Other,0,0,0,0.08546470000000,0.00000000000000,12.80670000000000,1,Hardware: Legacy Flip,6.38160000000000,6.38160000000000,12.70610000000000
javaw.exe,9436,0x0000000000000000,Other,0,0,0,0.10716770000000,0.00000000000000,21.70300000000000,1,Hardware: Legacy Flip,6.42330000000000,6.42330000000000,21.74470000000000
javaw.exe,9436,0x0000000000000000,Other,0,0,0,0.11881430000000,0.00000000000000,11.64660000000000,1,Hardware: Legacy Flip,6.38060000000000,6.38060000000000,11.60390000000000
javaw.exe,9436,0x0000000000000000,Other,0,0,0,0.12902960000000,0.00000000000000,10.21530000000000,1,Hardware: Legacy Flip,6.41270000000000,6.41270000000000,10.24740000000000
javaw.exe,9436,0x0000000000000000,Other,0,0,0,0.14603300000000,0.00000000000000,17.00340000000000,1,Hardware: Legacy Flip,6.56880000000000,6.56880000000000,17.15950000000000
javaw.exe,9436,0x0000000000000000,Other,0,0,0,0.15791560000000,0.00000000000000,11.88260000000000,1,Hardware: Legacy Flip,4.13210000000000,4.13210000000000,9.44590000000000
javaw.exe,9436,0x0000000000000000,Other,0,0,0,0.16931310000000,0.00000000000000,11.39750000000000,1,Hardware: Legacy Flip,6.48610000000000,6.48610000000000,13.75150000000000
javaw.exe,9436,0x0000000000000000,Other,0,0,0,0.18161100000000,0.00000000000000,12.29790000000000,1,Hardware: Legacy Flip,6.37080000000000,6.37080000000000,12.18260000000000
javaw.exe,9436,0x0000000000000000,Other,0,0,0,0.21897660000000,0.00000000000000,37.36560000000000,1,Hardware: Legacy Flip,6.54430000000000,6.54430000000000,37.53910000000000
javaw.exe,9436,0x0000000000000000,Other,0,0,0,0.24775160000000,0.00000000000000,28.77500000000000,1,Hardware: Legacy Flip,3.96950000000000,3.96950000000000,26.20020000000000
javaw.exe,9436,0x0000000000000000,Other,0,0,0,0.28457930000000,0.00000000000000,36.82770000000000,1,Hardware: Legacy Flip,5.91950000000000,5.91950000000000,38.77770000000000
javaw.exe,9436,0x0000000000000000,Other,0,0,0,0.30459310000000,0.00000000000000,20.01380000000000,1,Hardware: Legacy Flip,6.44060000000000,6.44060000000000,20.53490000000000
javaw.exe,9436,0x0000000000000000,Other,0,0,0,0.33295660000000,0.00000000000000,28.36350000000000,1,Hardware: Legacy Flip,6.70410000000000,6.70410000000000,28.62700000000000
javaw.exe,9436,0x0000000000000000,Other,0,0,0,0.36301080000000,0.00000000000000,30.05420000000000,1,Hardware: Legacy Flip,6.51120000000000,6.51120000000000,29.86130000000000
javaw.exe,9436,0x0000000000000000,Other,0,0,0,0.37519550000000,0.00000000000000,12.18470000000000,1,Hardware: Legacy Flip,6.47230000000000,6.47230000000000,12.14580000000000
javaw.exe,9436,0x0000000000000000,Other,0,0,0,0.39485190000000,0.00000000000000,19.65640000000000,1,Hardware: Legacy Flip,6.57500000000000,6.57500000000000,19.75910000000000
javaw.exe,9436,0x0000000000000000,Other,0,0,0,0.41337620000000,0.00000000000000,18.52430000000000,1,Hardware: Legacy Flip,6.46580000000000,6.46580000000000,18.41510000000000
javaw.exe,9436,0x0000000000000000,Other,0,0,0,0.42852990000000,0.00000000000000,15.15370000000000,1,Hardware: Legacy Flip,6.35170000000000,6.35170000000000,15.03960000000000
javaw.exe,9436,0x0000000000000000,Other,0,0,0,0.45632220000000,0.00000000000000,27.79230000000000,1,Hardware: Legacy Flip,6.65820000000000,6.65820000000000,28.09880000000000
javaw.exe,9436,0x0000000000000000,Other,0,0,0,0.46824130000000,0.00000000000000,11.91910000000000,1,Hardware: Legacy Flip,6.45120000000000,6.45120000000000,11.71210000000000
javaw.exe,9436,0x0000000000000000,Other,0,0,0,0.49075690000000,0.00000000000000,22.51560000000000,1,Hardware: Legacy Flip,3.23430000000000,3.23430000000000,19.29870000000000
javaw.exe,9436,0x0000000000000000,Other,0,0,0,0.52446120000000,0.00000000000000,33.70430000000000,1,Hardware: Legacy Flip,6.47760000000000,6.47760000000000,36.94759999999999
javaw.exe,9436,0x0000000000000000,Other,0,0,0,0.55728220000000,0.00000000000000,32.82100000000001,1,Hardware: Legacy Flip,3.79060000000000,3.79060000000000,30.13400000000000
javaw.exe,9436,0x0000000000000000,Other,0,0,0,0.59447330000000,0.00000000000000,37.19110000000000,1,Hardware: Legacy Flip,5.72620000000000,5.72620000000000,39.12670000000000
javaw.exe,9436,0x0000000000000000,Other,0,0,0,0.62848010000000,0.00000000000000,34.00680000000000,1,Hardware: Legacy Flip,6.78470000000000,6.78470000000000,35.06530000000000
javaw.exe,9436,0x0000000000000000,Other,0,0,0,0.67084570000000,0.00000000000000,42.36560000000000,1,Hardware: Legacy Flip,6.92730000000000,6.92730000000000,42.50820000000000
javaw.exe,9436,0x0000000000000000,Other,0,0,0,0.68115390000000,0.00000000000000,10.30820000000000,1,Hardware: Legacy Flip,6.84600000000000,6.84600000000000,10.22690000000000
javaw.exe,9436,0x0000000000000000,Other,0,0,0,0.70477440000000,0.00000000000000,23.62050000000000,1,Hardware: Legacy Flip,6.93610000000000,6.93610000000000,23.71060000000000
javaw.exe,9436,0x0000000000000000,Other,0,0,0,0.71694510000000,0.00000000000000,12.17070000000000,1,Hardware: Legacy Flip,6.90830000000000,6.90830000000000,12.14290000000000
javaw.exe,9436,0x0000000000000000,Other,0,0,0,0.73852980000000,0.00000000000000,21.58470000000000,1,Hardware: Legacy Flip,6.88890000000000,6.88890000000000,21.56530000000000
javaw.exe,9436,0x0000000000000000,Other,0,0,0,0.76100550000000,0.00000000000000,22.47570000000000,1,Hardware: Legacy Flip,6.87560000000000,6.87560000000000,22.46240000000000
javaw.exe,9436,0x0000000000000000,Other,0,0,0,0.77565940000000,0.00000000000000,14.65390000000000,1,Hardware: Legacy Flip,6.91740000000000,6.91740000000000,14.69570000000000
javaw.exe,9436,0x0000000000000000,Other,0,0,0,0.79281630000000,0.00000000000000,17.15690000000000,1,Hardware: Legacy Flip,7.02160000000000,7.02160000000000,17.26110000000000
javaw.exe,9436,0x0000000000000000,Other,0,0,0,0.81831990000000,0.00000000000000,25.50360000000000,1,Hardware: Legacy Flip,7.08720000000000,7.08720000000000,25.56920000000000
javaw.exe,9436,0x0000000000000000,Other,0,0,0,0.84878490000000,0.00000000000000,30.46500000000000,1,Hardware: Legacy Flip,4.17020000000000,4.17020000000000,27.54800000000000
javaw.exe,9436,0x0000000000000000,Other,0,0,0,0.87175570000000,0.00000000000000,22.97080000000000,1,Hardware: Legacy Flip,6.38450000000000,6.38450000000000,25.18510000000000
javaw.exe,9436,0x0000000000000000,Other,0,0,0,0.88498550000000,0.00000000000000,13.22980000000000,1,Hardware: Legacy Flip,4.55110000000000,4.55110000000000,11.39640000000000
javaw.exe,9436,0x0000000000000000,Other,0,0,0,0.90683650000000,0.00000000000000,21.85100000000000,1,Hardware: Legacy Flip,7.09470000000000,7.09470000000000,24.39460000000000
javaw.exe,9436,0x0000000000000000,Other,0,0,0,0.93671410000000,0.00000000000000,29.87760000000000,1,Hardware: Legacy Flip,7.15900000000000,7.15900000000000,29.94190000000000
javaw.exe,9436,0x0000000000000000,Other,0,0,0,0.97699260000000,0.00000000000000,40.27850000000000,1,Hardware: Legacy Flip,7.12640000000000,7.12640000000000,40.24590000000000
javaw.exe,9436,0x0000000000000000,Other,0,0,0,1.01460640000000,0.00000000000000,37.61380000000000,1,Hardware: Legacy Flip,7.34310000000000,7.34310000000000,37.83050000000000
javaw.exe,9436,0x0000000000000000,Other,0,0,0,1.04737900000000,0.00000000000000,32.77260000000000,1,Hardware: Legacy Flip,7.39700000000000,7.39700000000000,32.82650000000000
javaw.exe,9436,0x0000000000000000,Other,0,0,0,1.09942630000000,0.00000000000000,52.04730000000000,1,Hardware: Legacy Flip,7.40170000000000,7.40170000000000,52.05200000000000
javaw.exe,9436,0x0000000000000000,Other,0,0,0,1.11991250000000,0.00000000000000,20.48620000000000,1,Hardware: Legacy Flip,7.31060000000000,7.31060000000000,20.39510000000000
javaw.exe,9436,0x0000000000000000,Other,0,0,0,1.13698410000000,0.00000000000000,17.07160000000000,1,Hardware: Legacy Flip,7.16770000000000,7.16770000000000,16.92870000000000
javaw.exe,9436,0x0000000000000000,Other,0,0,0,1.16437850000000,0.00000000000000,27.39440000000000,1,Hardware: Legacy Flip,6.41460000000000,6.41460000000000,26.64130000000000
javaw.exe,9436,0x0000000000000000,Other,0,0,0,1.17986080000000,0.00000000000000,15.48230000000000,1,Hardware: Legacy Flip,7.04020000000000,7.04020000000000,16.10790000000000
javaw.exe,9436,0x0000000000000000,Other,0,0,0,1.20025590000000,0.00000000000000,20.39510000000000,1,Hardware: Legacy Flip,7.19880000000000,7.19880000000000,20.55370000000000
javaw.exe,9436,0x0000000000000000,Other,0,0,0,1.21116260000000,0.00000000000000,10.90670000000000,1,Hardware: Legacy Flip,7.27960000000000,7.27960000000000,10.98750000000000
javaw.exe,9436,0x0000000000000000,Other,0,0,0,1.22392190000000,0.00000000000000,12.75930000000000,1,Hardware: Legacy Flip,7.43680000000000,7.43680000000000,12.91650000000000
javaw.exe,9436,0x0000000000000000,Other,0,0,0,1.23501120000000,0.00000000000000,11.08930000000000,1,Hardware: Legacy Flip,7.40940000000000,7.40940000000000,11.06190000000000
javaw.exe,9436,0x0000000000000000,Other,0,0,0,1.25273340000000,0.00000000000000,17.72220000000000,1,Hardware: Legacy Flip,3.92480000000000,3.92480000000000,14.23760000000000
javaw.exe,9436,0x0000000000000000,Other,0,0,0,1.26360290000000,0.00000000000000,10.86950000000000,1,Hardware: Legacy Flip,7.45610000000000,7.45610000000000,14.40080000000000
javaw.exe,9436,0x0000000000000000,Other,0,0,0,1.27656270000000,0.00000000000000,12.95980000000000,1,Hardware: Legacy Flip,7.53140000000000,7.53140000000000,13.03510000000000
javaw.exe,9436,0x0000000000000000,Other,0,0,0,1.29427220000000,0.00000000000000,17.70950000000000,1,Hardware: Legacy Flip,7.48530000000000,7.48530000000000,17.66340000000000
javaw.exe,9436,0x0000000000000000,Other,0,0,0,1.31050610000000,0.00000000000000,16.23390000000000,1,Hardware: Legacy Flip,7.40280000000000,7.40280000000000,16.15140000000000
javaw.exe,9436,0x0000000000000000,Other,0,0,0,1.32663890000000,0.00000000000000,16.13280000000000,1,Hardware: Legacy Flip,6.65210000000000,6.65210000000000,15.38210000000000
javaw.exe,9436,0x0000000000000000,Other,0,0,0,1.34908090000000,0.00000000000000,22.44200000000000,1,Hardware: Legacy Flip,7.54720000000000,7.54720000000000,23.33710000000000
javaw.exe,9436,0x0000000000000000,Other,0,0,0,1.35973750000000,0.00000000000000,10.65660000000000,1,Hardware: Legacy Flip,7.50360000000000,7.50360000000000,10.61300000000000
javaw.exe,9436,0x0000000000000000,Other,0,0,0,1.36946140000000,0.00000000000000,9.72390000000000,1,Hardware: Legacy Flip,7.32180000000000,7.32180000000000,9.54210000000000
javaw.exe,9436,0x0000000000000000,Other,0,0,0,1.38507440000000,0.00000000000000,15.61300000000000,1,Hardware: Legacy Flip,7.31520000000000,7.31520000000000,15.60640000000000
javaw.exe,9436,0x0000000000000000,Other,0,0,0,1.40598210000000,0.00000000000000,20.90770000000000,1,Hardware: Legacy Flip,6.68020000000000,6.68020000000000,20.27270000000000
javaw.exe,9436,0x0000000000000000,Other,0,0,0,1.41815530000000,0.00000000000000,12.17320000000000,1,Hardware: Legacy Flip,6.39840000000000,6.39840000000000,11.89140000000000
javaw.exe,9436,0x0000000000000000,Other,0,0,0,1.43766900000000,0.00000000000000,19.51370000000000,1,Hardware: Legacy Flip,5.84790000000000,5.84790000000000,18.96320000000000
javaw.exe,9436,0x0000000000000000,Other,0,0,0,1.47728670000000,0.00000000000000,39.61770000000000,1,Hardware: Legacy Flip,6.67600000000000,6.67600000000000,40.44580000000000
javaw.exe,9436,0x0000000000000000,Other,0,0,0,1.49310280000000,0.00000000000000,15.81610000000000,1,Hardware: Legacy Flip,2.28440000000000,2.28440000000000,11.42450000000000
javaw.exe,9436,0x0000000000000000,Other,0,0,0,1.51117880000000,0.00000000000000,18.07600000000000,1,Hardware: Legacy Flip,6.75830000000000,6.75830000000000,22.54990000000000
javaw.exe,9436,0x0000000000000000,Other,0,0,0,1.53156810000000,0.00000000000000,20.38930000000000,1,Hardware: Legacy Flip,6.48660000000000,6.48660000000000,20.11760000000000
javaw.exe,9436,0x0000000000000000,Other,0,0,0,1.54462410000000,0.00000000000000,13.05600000000000,1,Hardware: Legacy Flip,6.44650000000000,6.44650000000000,13.01590000000000
javaw.exe,9436,0x0000000000000000,Other,0,0,0,1.56024360000000,0.00000000000000,15.61950000000000,1,Hardware: Legacy Flip,6.40670000000000,6.40670000000000,15.57970000000000
javaw.exe,9436,0x0000000000000000,Other,0,0,0,1.58981680000000,0.00000000000000,29.57320000000000,1,Hardware: Legacy Flip,6.40870000000000,6.40870000000000,29.57520000000000
javaw.exe,9436,0x0000000000000000,Other,0,0,0,1.60977730000000,0.00000000000000,19.96050000000000,1,Hardware: Legacy Flip,6.47010000000000,6.47010000000000,20.02190000000000
javaw.exe,9436,0x0000000000000000,Other,0,0,0,1.62609720000000,0.00000000000000,16.31990000000000,1,Hardware: Legacy Flip,6.41680000000000,6.41680000000000,16.26660000000000
javaw.exe,9436,0x0000000000000000,Other,0,0,0,1.63999860000000,0.00000000000000,13.90140000000000,1,Hardware: Legacy Flip,6.38630000000000,6.38630000000000,13.87090000000000
javaw.exe,9436,0x0000000000000000,Other,0,0,0,1.65526390000000,0.00000000000000,15.26530000000000,1,Hardware: Legacy Flip,3.71620000000000,3.71620000000000,12.59520000000000
javaw.exe,9436,0x0000000000000000,Other,0,0,0,1.66921270000000,0.00000000000000,13.94880000000000,1,Hardware: Legacy Flip,6.48420000000000,6.48420000000000,16.71680000000000
javaw.exe,9436,0x0000000000000000,Other,0,0,0,1.68302250000000,0.00000000000000,13.80980000000000,1,Hardware: Legacy Flip,6.36410000000000,6.36410000000000,13.68970000000000
javaw.exe,9436,0x0000000000000000,Other,0,0,0,1.69600540000000,0.00000000000000,12.98290000000000,1,Hardware: Legacy Flip,6.34380000000000,6.34380000000000,12.96260000000000
javaw.exe,9436,0x0000000000000000,Other,0,0,0,1.70849100000000,0.00000000000000,12.48560000000000,1,Hardware: Legacy Flip,6.46100000000000,6.46100000000000,12.60280000000000
javaw.exe,9436,0x0000000000000000,Other,0,0,0,1.71919110000000,0.00000000000000,10.70010000000000,1,Hardware: Legacy Flip,6.51640000000000,6.51640000000000,10.75550000000000
javaw.exe,9436,0x0000000000000000,Other,0,0,0,1.73019050000000,0.00000000000000,10.99940000000000,1,Hardware: Legacy Flip,6.49440000000000,6.49440000000000,10.97740000000000
javaw.exe,9436,0x0000000000000000,Other,0,0,0,1.74561100000000,0.00000000000000,15.42050000000000,1,Hardware: Legacy Flip,6.70920000000000,6.70920000000000,15.63530000000000
javaw.exe,9436,0x0000000000000000,Other,0,0,0,1.75821290000000,0.00000000000000,12.60190000000000,1,Hardware: Legacy Flip,6.46040000000000,6.46040000000000,12.35310000000000
javaw.exe,9436,0x0000000000000000,Other,0,0,0,1.77327160000000,0.00000000000000,15.05870000000000,1,Hardware: Legacy Flip,3.55440000000000,3.55440000000000,12.15270000000000
javaw.exe,9436,0x0000000000000000,Other,0,0,0,1.78624380000000,0.00000000000000,12.97220000000000,1,Hardware: Legacy Flip,6.59530000000000,6.59530000000000,16.01310000000000
javaw.exe,9436,0x0000000000000000,Other,0,0,0,1.81044770000000,0.00000000000000,24.20390000000000,1,Hardware: Legacy Flip,6.37450000000000,6.37450000000000,23.98310000000000
javaw.exe,9436,0x0000000000000000,Other,0,0,0,1.82988420000000,0.00000000000000,19.43650000000000,1,Hardware: Legacy Flip,6.39750000000000,6.39750000000000,19.45950000000000
javaw.exe,9436,0x0000000000000000,Other,0,0,0,1.84381890000000,0.00000000000000,13.93470000000000,1,Hardware: Legacy Flip,6.35950000000000,6.35950000000000,13.89670000000000
javaw.exe,9436,0x0000000000000000,Other,0,0,0,1.85868750000000,0.00000000000000,14.86860000000000,1,Hardware: Legacy Flip,6.34330000000000,6.34330000000000,14.85240000000000
javaw.exe,9436,0x0000000000000000,Other,0,0,0,1.87041700000000,0.00000000000000,11.72950000000000,1,Hardware: Legacy Flip,6.37070000000000,6.37070000000000,11.75690000000000
javaw.exe,9436,0x0000000000000000,Other,0,0,0,1.88546140000000,0.00000000000000,15.04440000000000,1,Hardware: Legacy Flip,6.50590000000000,6.50590000000000,15.17960000000000
javaw.exe,9436,0x0000000000000000,Other,0,0,0,1.89711720000000,0.00000000000000,11.65580000000000,1,Hardware: Legacy Flip,6.64930000000000,6.64930000000000,11.79920000000000
javaw.exe,9436,0x0000000000000000,Other,0,0,0,1.90753820000000,0.00000000000000,10.42100000000000,1,Hardware: Legacy Flip,5.08950000000000,5.08950000000000,8.86120000000000
javaw.exe,9436,0x0000000000000000,Other,0,0,0,1.92401390000000,0.00000000000000,16.47570000000000,1,Hardware: Legacy Flip,6.33090000000000,6.33090000000000,17.71710000000000
javaw.exe,9436,0x0000000000000000,Other,0,0,0,1.93862960000000,0.00000000000000,14.61570000000000,1,Hardware: Legacy Flip,6.40470000000000,6.40470000000000,14.68950000000000
javaw.exe,9436,0x0000000000000000,Other,0,0,0,1.95169700000000,0.00000000000000,13.06740000000000,1,Hardware: Legacy Flip,6.37490000000000,6.37490000000000,13.03760000000000
javaw.exe,9436,0x0000000000000000,Other,0,0,0,1.96316150000000,0.00000000000000,11.46450000000000,1,Hardware: Legacy Flip,6.40270000000000,6.40270000000000,11.49230000000000
javaw.exe,9436,0x0000000000000000,Other,0,0,0,1.97463390000000,0.00000000000000,11.47240000000000,1,Hardware: Legacy Flip,6.43420000000000,6.43420000000000,11.50390000000000
javaw.exe,9436,0x0000000000000000,Other,0,0,0,1.98708500000000,0.00000000000000,12.45110000000000,1,Hardware: Legacy Flip,6.42530000000000,6.42530000000000,12.44220000000000
javaw.exe,9436,0x0000000000000000,Other,0,0,0,2.00104810000000,0.00000000000000,13.96310000000000,1,Hardware: Legacy Flip,6.45650000000000,6.45650000000000,13.99430000000000
javaw.exe,9436,0x0000000000000000,Other,0,0,0,2.01463540000000,0.00000000000000,13.58730000000000,1,Hardware: Legacy Flip,6.67670000000000,6.67670000000000,13.80750000000000
javaw.exe,9436,0x0000000000000000,Other,0,0,0,2.03016720000000,0.00000000000000,15.53180000000000,1,Hardware: Legacy Flip,2.62670000000000,2.62670000000000,11.48180000000000
javaw.exe,9436,0x0000000000000000,Other,0,0,0,2.04396870000000,0.00000000000000,13.80150000000000,1,Hardware: Legacy Flip,6.39050000000000,6.39050000000000,17.56530000000000
javaw.exe,9436,0x0000000000000000,Other,0,0,0,2.05651020000000,0.00000000000000,12.54150000000000,1,Hardware: Legacy Flip,6.34950000000000,6.34950000000000,12.50050000000000
javaw.exe,9436,0x0000000000000000,Other,0,0,0,2.06819840000000,0.00000000000000,11.68820000000000,1,Hardware: Legacy Flip,6.39990000000000,6.39990000000000,11.73860000000000
javaw.exe,9436,0x0000000000000000,Other,0,0,0,2.08187760000000,0.00000000000000,13.67920000000000,1,Hardware: Legacy Flip,6.38340000000000,6.38340000000000,13.66270000000000
javaw.exe,9436,0x0000000000000000,Other,0,0,0,2.09273140000000,0.00000000000000,10.85380000000000,1,Hardware: Legacy Flip,6.37010000000000,6.37010000000000,10.84050000000000
javaw.exe,9436,0x0000000000000000,Other,0,0,0,2.10460800000000,0.00000000000000,11.87660000000000,1,Hardware: Legacy Flip,6.46550000000000,6.46550000000000,11.97200000000000
javaw.exe,9436,0x0000000000000000,Other,0,0,0,2.11608580000000,0.00000000000000,11.47780000000000,1,Hardware: Legacy Flip,6.89240000000000,6.89240000000000,11.90470000000000
javaw.exe,9436,0x0000000000000000,Other,0,0,0,2.12681510000000,0.00000000000000,10.72930000000000,1,Hardware: Legacy Flip,6.42420000000000,6.42420000000000,10.26110000000000
javaw.exe,9436,0x0000000000000000,Other,0,0,0,2.13823420000000,0.00000000000000,11.41910000000000,1,Hardware: Legacy Flip,3.18890000000000,3.18890000000000,8.18380000000000
javaw.exe,9436,0x0000000000000000,Other,0,0,0,2.15175420000000,0.00000000000000,13.52000000000000,1,Hardware: Legacy Flip,6.63610000000000,6.63610000000000,16.96720000000000
javaw.exe,9436,0x0000000000000000,Other,0,0,0,2.16373420000000,0.00000000000000,11.98000000000000,1,Hardware: Legacy Flip,6.46990000000000,6.46990000000000,11.81380000000000
javaw.exe,9436,0x0000000000000000,Other,0,0,0,2.17478830000000,0.00000000000000,11.05410000000000,1,Hardware: Legacy Flip,6.32860000000000,6.32860000000000,10.91280000000000
javaw.exe,9436,0x0000000000000000,Other,0,0,0,2.19075520000000,0.00000000000000,15.96690000000000,1,Hardware: Legacy Flip,6.49850000000000,6.49850000000000,16.13680000000000
javaw.exe,9436,0x0000000000000000,Other,0,0,0,2.20268820000000,0.00000000000000,11.93300000000000,1,Hardware: Legacy Flip,6.63140000000000,6.63140000000000,12.06590000000000
javaw.exe,9436,0x0000000000000000,Other,0,0,0,2.21606450000000,0.00000000000000,13.37630000000000,1,Hardware: Legacy Flip,6.31050000000000,6.31050000000000,13.05540000000000
javaw.exe,9436,0x0000000000000000,Other,0,0,0,2.22713670000000,0.00000000000000,11.07220000000000,1,Hardware: Legacy Flip,6.46290000000000,6.46290000000000,11.22460000000000
javaw.exe,9436,0x0000000000000000,Other,0,0,0,2.24187030000000,0.00000000000000,14.73360000000000,1,Hardware: Legacy Flip,6.59730000000000,6.59730000000000,14.86800000000000
javaw.exe,9436,0x0000000000000000,Other,0,0,0,2.25680670000000,0.00000000000000,14.93640000000000,1,Hardware: Legacy Flip,2.58470000000000,2.58470000000000,10.92380000000000
javaw.exe,9436,0x0000000000000000,Other,0,0,0,2.26609780000000,0.00000000000000,9.29110000000000,1,Hardware: Legacy Flip,6.46880000000000,6.46880000000000,13.17520000000000
javaw.exe,9436,0x0000000000000000,Other,0,0,0,2.27607890000000,0.00000000000000,9.98110000000000,1,Hardware: Legacy Flip,6.46790000000000,6.46790000000000,9.98020000000000
javaw.exe,9436,0x0000000000000000,Other,0,0,0,2.28594480000000,0.00000000000000,9.86590000000000,1,Hardware: Legacy Flip,6.51230000000000,6.51230000000000,9.91030000000000
javaw.exe,9436,0x0000000000000000,Other,0,0,0,2.29615200000000,0.00000000000000,10.20720000000000,1,Hardware: Legacy Flip,6.49250000000000,6.49250000000000,10.18740000000000
javaw.exe,9436,0x0000000000000000,Other,0,0,0,2.30537820000000,0.00000000000000,9.22620000000000,1,Hardware: Legacy Flip,6.58820000000000,6.58820000000000,9.32190000000000
javaw.exe,9436,0x0000000000000000,Other,0,0,0,2.31761760000000,0.00000000000000,12.23940000000000,1,Hardware: Legacy Flip,6.46970000000000,6.46970000000000,12.12090000000000
javaw.exe,9436,0x0000000000000000,Other,0,0,0,2.32698740000000,0.00000000000000,9.36980000000000,1,Hardware: Legacy Flip,6.56830000000000,6.56830000000000,9.46840000000000
javaw.exe,9436,0x0000000000000000,Other,0,0,0,2.33784960000000,0.00000000000000,10.86220000000000,1,Hardware: Legacy Flip,6.55110000000000,6.55110000000000,10.84500000000000
javaw.exe,9436,0x0000000000000000,Other,0,0,0,2.35044200000000,0.00000000000000,12.59240000000000,1,Hardware: Legacy Flip,5.50150000000000,5.50150000000000,11.54280000000000
javaw.exe,9436,0x0000000000000000,Other,0,0,0,2.35944210000000,0.00000000000000,9.00010000000000,1,Hardware: Legacy Flip,6.52470000000000,6.52470000000000,10.02330000000000
javaw.exe,9436,0x0000000000000000,Other,0,0,0,2.37113430000000,0.00000000000000,11.69220000000000,1,Hardware: Legacy Flip,6.56270000000000,6.56270000000000,11.73020000000000
javaw.exe,9436,0x0000000000000000,Other,0,0,0,2.38647820000000,0.00000000000000,15.34390000000000,1,Hardware: Legacy Flip,6.54170000000000,6.54170000000000,15.32290000000000
javaw.exe,9436,0x0000000000000000,Other,0,0,0,2.39973140000000,0.00000000000000,13.25320000000000,1,Hardware: Legacy Flip,6.34840000000000,6.34840000000000,13.05990000000000
javaw.exe,9436,0x0000000000000000,Other,0,0,0,2.41009450000000,0.00000000000000,10.36310000000000,1,Hardware: Legacy Flip,6.39400000000000,6.39400000000000,10.40870000000000
javaw.exe,9436,0x0000000000000000,Other,0,0,0,2.42230620000000,0.00000000000000,12.21170000000000,1,Hardware: Legacy Flip,6.45860000000000,6.45860000000000,12.27630000000000
javaw.exe,9436,0x0000000000000000,Other,0,0,0,2.43329170000000,0.00000000000000,10.98550000000000,1,Hardware: Legacy Flip,6.35940000000000,6.35940000000000,10.88630000000000
javaw.exe,9436,0x0000000000000000,Other,0,0,0,2.44416210000000,0.00000000000000,10.87040000000000,1,Hardware: Legacy Flip,6.39670000000000,6.39670000000000,10.90770000000000
javaw.exe,9436,0x0000000000000000,Other,0,0,0,2.45549280000000,0.00000000000000,11.33070000000000,1,Hardware: Legacy Flip,5.17290000000000,5.17290000000000,10.10690000000000
javaw.exe,9436,0x0000000000000000,Other,0,0,0,2.46513770000000,0.00000000000000,9.64490000000000,1,Hardware: Legacy Flip,6.48000000000000,6.48000000000000,10.95200000000000
javaw.exe,9436,0x0000000000000000,Other,0,0,0,2.47645620000000,0.00000000000000,11.31850000000000,1,Hardware: Legacy Flip,6.45240000000000,6.45240000000000,11.29090000000000
javaw.exe,9436,0x0000000000000000,Other,0,0,0,2.48724220000000,0.00000000000000,10.78600000000000,1,Hardware: Legacy Flip,6.55540000000000,6.55540000000000,10.88900000000000
javaw.exe,9436,0x0000000000000000,Other,0,0,0,2.49937030000000,0.00000000000000,12.12810000000000,1,Hardware: Legacy Flip,6.57930000000000,6.57930000000000,12.15200000000000
javaw.exe,9436,0x0000000000000000,Other,0,0,0,2.50912370000000,0.00000000000000,9.75340000000000,1,Hardware: Legacy Flip,6.56300000000000,6.56300000000000,9.73710000000000
javaw.exe,9436,0x0000000000000000,Other,0,0,0,2.52065190000000,0.00000000000000,11.52820000000000,1,Hardware: Legacy Flip,6.70420000000000,6.70420000000000,11.66940000000000
javaw.exe,9436,0x0000000000000000,Other,0,0,0,2.53060180000000,0.00000000000000,9.94990000000000,1,Hardware: Legacy Flip,6.52360000000000,6.52360000000000,9.76930000000000
javaw.exe,9436,0x0000000000000000,Other,0,0,0,2.54401080000000,0.00000000000000,13.40900000000000,1,Hardware: Legacy Flip,6.52160000000000,6.52160000000000,13.40700000000000
javaw.exe,9436,0x0000000000000000,Other,0,0,0,2.55647700000000,0.00000000000000,12.46620000000000,1,Hardware: Legacy Flip,4.77080000000000,4.77080000000000,10.71540000000000
javaw.exe,9436,0x0000000000000000,Other,0,0,0,2.56890310000000,0.00000000000000,12.42610000000000,1,Hardware: Legacy Flip,6.39810000000000,6.39810000000000,14.05340000000000
javaw.exe,9436,0x0000000000000000,Other,0,0,0,2.57956430000000,0.00000000000000,10.66120000000000,1,Hardware: Legacy Flip,6.42040000000000,6.42040000000000,10.68350000000000
javaw.exe,9436,0x0000000000000000,Other,0,0,0,2.59050560000000,0.00000000000000,10.94130000000000,1,Hardware: Legacy Flip,6.47200000000000,6.47200000000000,10.99290000000000
javaw.exe,9436,0x0000000000000000,Other,0,0,0,2.60159280000000,0.00000000000000,11.08720000000000,1,Hardware: Legacy Flip,6.48210000000000,6.48210000000000,11.09730000000000
javaw.exe,9436,0x0000000000000000,Other,0,0,0,2.61280750000000,0.00000000000000,11.21470000000000,1,Hardware: Legacy Flip,6.49200000000000,6.49200000000000,11.22460000000000
javaw.exe,9436,0x0000000000000000,Other,0,0,0,2.62764570000000,0.00000000000000,14.83820000000000,1,Hardware: Legacy Flip,6.23630000000000,6.23630000000000,14.58250000000000
javaw.exe,9436,0x0000000000000000,Other,0,0,0,2.63900780000000,0.00000000000000,11.36210000000000,1,Hardware: Legacy Flip,6.36690000000000,6.36690000000000,11.49270000000000
javaw.exe,9436,0x0000000000000000,Other,0,0,0,2.65159790000000,0.00000000000000,12.59010000000000,1,Hardware: Legacy Flip,6.46960000000000,6.46960000000000,12.69280000000000
javaw.exe,9436,0x0000000000000000,Other,0,0,0,2.66357380000000,0.00000000000000,11.97590000000000,1,Hardware: Legacy Flip,5.52840000000000,5.52840000000000,11.03470000000000
javaw.exe,9436,0x0000000000000000,Other,0,0,0,2.67887030000000,0.00000000000000,15.29650000000000,1,Hardware: Legacy Flip,6.55520000000000,6.55520000000000,16.32330000000000
javaw.exe,9436,0x0000000000000000,Other,0,0,0,2.69591070000000,0.00000000000000,17.04040000000000,1,Hardware: Legacy Flip,6.35750000000000,6.35750000000000,16.84270000000000
javaw.exe,9436,0x0000000000000000,Other,0,0,0,2.70740670000000,0.00000000000000,11.49600000000000,1,Hardware: Legacy Flip,6.32550000000000,6.32550000000000,11.46400000000000
javaw.exe,9436,0x0000000000000000,Other,0,0,0,2.72327500000000,0.00000000000000,15.86830000000000,1,Hardware: Legacy Flip,6.35480000000000,6.35480000000000,15.89760000000000
javaw.exe,9436,0x0000000000000000,Other,0,0,0,2.73386700000000,0.00000000000000,10.59200000000000,1,Hardware: Legacy Flip,6.40110000000000,6.40110000000000,10.63830000000000
javaw.exe,9436,0x0000000000000000,Other,0,0,0,2.74729420000000,0.00000000000000,13.42720000000000,1,Hardware: Legacy Flip,6.36900000000000,6.36900000000000,13.39510000000000
javaw.exe,9436,0x0000000000000000,Other,0,0,0,2.75792660000000,0.00000000000000,10.63240000000000,1,Hardware: Legacy Flip,6.38740000000000,6.38740000000000,10.65080000000000
javaw.exe,9436,0x0000000000000000,Other,0,0,0,2.76741360000000,0.00000000000000,9.48700000000000,1,Hardware: Legacy Flip,6.40750000000000,6.40750000000000,9.50710000000000
javaw.exe,9436,0x0000000000000000,Other,0,0,0,2.77765310000000,0.00000000000000,10.23950000000000,1,Hardware: Legacy Flip,5.61920000000000,5.61920000000000,9.45120000000000
javaw.exe,9436,0x0000000000000000,Other,0,0,0,2.79025120000000,0.00000000000000,12.59810000000000,1,Hardware: Legacy Flip,6.53000000000000,6.53000000000000,13.50890000000000
javaw.exe,9436,0x0000000000000000,Other,0,0,0,2.80471030000000,0.00000000000000,14.45910000000000,1,Hardware: Legacy Flip,6.65750000000000,6.65750000000000,14.58660000000000
javaw.exe,9436,0x0000000000000000,Other,0,0,0,2.81541530000000,0.00000000000000,10.70500000000000,1,Hardware: Legacy Flip,6.42570000000000,6.42570000000000,10.47320000000000
javaw.exe,9436,0x0000000000000000,Other,0,0,0,2.82504630000000,0.00000000000000,9.63100000000000,1,Hardware: Legacy Flip,6.47030000000000,6.47030000000000,9.67560000000000
javaw.exe,9436,0x0000000000000000,Other,0,0,0,2.83597590000000,0.00000000000000,10.92960000000000,1,Hardware: Legacy Flip,6.56230000000000,6.56230000000000,11.02160000000000
javaw.exe,9436,0x0000000000000000,Other,0,0,0,2.84594560000000,0.00000000000000,9.96970000000000,1,Hardware: Legacy Flip,6.57680000000000,6.57680000000000,9.98420000000000
javaw.exe,9436,0x0000000000000000,Other,0,0,0,2.85695520000000,0.00000000000000,11.00960000000000,1,Hardware: Legacy Flip,6.55280000000000,6.55280000000000,10.98560000000000
javaw.exe,9436,0x0000000000000000,Other,0,0,0,2.86567300000000,0.00000000000000,8.71780000000000,1,Hardware: Legacy Flip,6.51680000000000,6.51680000000000,8.68180000000000
javaw.exe,9436,0x0000000000000000,Other,0,0,0,2.87474050000000,0.00000000000000,9.06750000000000,1,Hardware: Legacy Flip,6.60010000000000,6.60010000000000,9.15080000000000
javaw.exe,9436,0x0000000000000000,Other,0,0,0,2.88437800000000,0.00000000000000,9.63750000000000,1,Hardware: Legacy Flip,4.40420000000000,4.40420000000000,7.44160000000000
javaw.exe,9436,0x0000000000000000,Other,0,0,0,2.89411080000000,0.00000000000000,9.73280000000000,1,Hardware: Legacy Flip,6.93190000000000,6.93190000000000,12.26050000000000
javaw.exe,9436,0x0000000000000000,Other,0,0,0,2.90386490000000,0.00000000000000,9.75410000000000,1,Hardware: Legacy Flip,6.97950000000000,6.97950000000000,9.80170000000000
javaw.exe,9436,0x0000000000000000,Other,0,0,0,2.91351280000000,0.00000000000000,9.64790000000000,1,Hardware: Legacy Flip,6.80390000000000,6.80390000000000,9.47230000000000
javaw.exe,9436,0x0000000000000000,Other,0,0,0,2.92579940000000,0.00000000000000,12.28660000000000,1,Hardware: Legacy Flip,6.66950000000000,6.66950000000000,12.15220000000000
javaw.exe,9436,0x0000000000000000,Other,0,0,0,2.93798510000000,0.00000000000000,12.18570000000000,1,Hardware: Legacy Flip,6.65830000000000,6.65830000000000,12.17450000000000
javaw.exe,9436,0x0000000000000000,Other,0,0,0,2.94882730000000,0.00000000000000,10.84220000000000,1,Hardware: Legacy Flip,6.57120000000000,6.57120000000000,10.75510000000000
javaw.exe,9436,0x0000000000000000,Other,0,0,0,2.96064650000000,0.00000000000000,11.81920000000000,1,Hardware: Legacy Flip,6.46640000000000,6.46640000000000,11.71440000000000
javaw.exe,9436,0x0000000000000000,Other,0,0,0,2.97254690000000,0.00000000000000,11.90040000000000,1,Hardware: Legacy Flip,6.63400000000000,6.63400000000000,12.06800000000000
javaw.exe,9436,0x0000000000000000,Other,0,0,0,2.98326870000000,0.00000000000000,10.72180000000000,1,Hardware: Legacy Flip,4.39110000000000,4.39110000000000,8.47890000000000
javaw.exe,9436,0x0000000000000000,Other,0,0,0,2.99516860000000,0.00000000000000,11.89990000000000,1,Hardware: Legacy Flip,6.56600000000000,6.56600000000000,14.07480000000000
javaw.exe,9436,0x0000000000000000,Other,0,0,0,3.00980450000000,0.00000000000000,14.63590000000000,1,Hardware: Legacy Flip,6.64040000000000,6.64040000000000,14.71030000000000
javaw.exe,9436,0x0000000000000000,Other,0,0,0,3.02187450000000,0.00000000000000,12.07000000000000,1,Hardware: Legacy Flip,6.45400000000000,6.45400000000000,11.88360000000000
javaw.exe,9436,0x0000000000000000,Other,0,0,0,3.03367490000000,0.00000000000000,11.80040000000000,1,Hardware: Legacy Flip,6.46640000000000,6.46640000000000,11.81280000000000
javaw.exe,9436,0x0000000000000000,Other,0,0,0,3.04489670000000,0.00000000000000,11.22180000000000,1,Hardware: Legacy Flip,6.52200000000000,6.52200000000000,11.27740000000000
javaw.exe,9436,0x0000000000000000,Other,0,0,0,3.05482160000000,0.00000000000000,9.92490000000000,1,Hardware: Legacy Flip,6.53120000000000,6.53120000000000,9.93410000000000
javaw.exe,9436,0x0000000000000000,Other,0,0,0,3.06471020000000,0.00000000000000,9.88860000000000,1,Hardware: Legacy Flip,6.54530000000000,6.54530000000000,9.90270000000000
javaw.exe,9436,0x0000000000000000,Other,0,0,0,3.07540720000000,0.00000000000000,10.69700000000000,1,Hardware: Legacy Flip,6.59640000000000,6.59640000000000,10.74810000000000
javaw.exe,9436,0x0000000000000000,Other,0,0,0,3.08874690000000,0.00000000000000,13.33970000000000,1,Hardware: Legacy Flip,3.50630000000000,3.50630000000000,10.24960000000000
javaw.exe,9436,0x0000000000000000,Other,0,0,0,3.10469800000000,0.00000000000000,15.95110000000000,1,Hardware: Legacy Flip,6.56670000000000,6.56670000000000,19.01150000000000
javaw.exe,9436,0x0000000000000000,Other,0,0,0,3.11554660000000,0.00000000000000,10.84860000000000,1,Hardware: Legacy Flip,6.42400000000000,6.42400000000000,10.70590000000000
javaw.exe,9436,0x0000000000000000,Other,0,0,0,3.12820360000000,0.00000000000000,12.65700000000000,1,Hardware: Legacy Flip,6.45990000000000,6.45990000000000,12.69290000000000
javaw.exe,9436,0x0000000000000000,Other,0,0,0,3.13742860000000,0.00000000000000,9.22500000000000,1,Hardware: Legacy Flip,6.50610000000000,6.50610000000000,9.27120000000000
javaw.exe,9436,0x0000000000000000,Other,0,0,0,3.14929600000000,0.00000000000000,11.86740000000000,1,Hardware: Legacy Flip,6.37080000000000,6.37080000000000,11.73210000000000
javaw.exe,9436,0x0000000000000000,Other,0,0,0,3.16054240000000,0.00000000000000,11.24640000000000,1,Hardware: Legacy Flip,6.43300000000000,6.43300000000000,11.30860000000000
javaw.exe,9436,0x0000000000000000,Other,0,0,0,3.17403280000000,0.00000000000000,13.49040000000000,1,Hardware: Legacy Flip,6.43300000000000,6.43300000000000,13.49040000000000
javaw.exe,9436,0x0000000000000000,Other,0,0,0,3.18514070000000,0.00000000000000,11.10790000000000,1,Hardware: Legacy Flip,6.41310000000000,6.41310000000000,11.08800000000000
javaw.exe,9436,0x0000000000000000,Other,0,0,0,3.19737410000000,0.00000000000000,12.23340000000000,1,Hardware: Legacy Flip,3.33540000000000,3.33540000000000,9.15570000000000
javaw.exe,9436,0x0000000000000000,Other,0,0,0,3.20828560000000,0.00000000000000,10.91150000000000,1,Hardware: Legacy Flip,6.63150000000000,6.63150000000000,14.20760000000000
javaw.exe,9436,0x0000000000000000,Other,0,0,0,3.21987860000000,0.00000000000000,11.59300000000000,1,Hardware: Legacy Flip,6.46960000000000,6.46960000000000,11.43110000000000
javaw.exe,9436,0x0000000000000000,Other,0,0,0,3.23169790000000,0.00000000000000,11.81930000000000,1,Hardware: Legacy Flip,6.79060000000000,6.79060000000000,12.14030000000000
javaw.exe,9436,0x0000000000000000,Other,0,0,0,3.24436410000000,0.00000000000000,12.66620000000000,1,Hardware: Legacy Flip,6.49930000000000,6.49930000000000,12.37490000000000
javaw.exe,9436,0x0000000000000000,Other,0,0,0,3.25954360000000,0.00000000000000,15.17950000000000,1,Hardware: Legacy Flip,6.41450000000000,6.41450000000000,15.09470000000000
javaw.exe,9436,0x0000000000000000,Other,0,0,0,3.27105860000000,0.00000000000000,11.51500000000000,1,Hardware: Legacy Flip,6.37190000000000,6.37190000000000,11.47240000000000
javaw.exe,9436,0x0000000000000000,Other,0,0,0,3.28163170000000,0.00000000000000,10.57310000000000,1,Hardware: Legacy Flip,6.34620000000000,6.34620000000000,10.54740000000000
javaw.exe,9436,0x0000000000000000,Other,0,0,0,3.29317100000000,0.00000000000000,11.53930000000000,1,Hardware: Legacy Flip,6.49310000000000,6.49310000000000,11.68620000000000
javaw.exe,9436,0x0000000000000000,Other,0,0,0,3.30683110000000,0.00000000000000,13.66010000000000,1,Hardware: Legacy Flip,3.46610000000000,3.46610000000000,10.63310000000000
javaw.exe,9436,0x0000000000000000,Other,0,0,0,3.31837790000000,0.00000000000000,11.54680000000000,1,Hardware: Legacy Flip,6.51790000000000,6.51790000000000,14.59860000000000
javaw.exe,9436,0x0000000000000000,Other,0,0,0,3.32860130000000,0.00000000000000,10.22340000000000,1,Hardware: Legacy Flip,6.69450000000000,6.69450000000000,10.40000000000000
javaw.exe,9436,0x0000000000000000,Other,0,0,0,3.33856770000000,0.00000000000000,9.96640000000000,1,Hardware: Legacy Flip,6.50270000000000,6.50270000000000,9.77460000000000
javaw.exe,9436,0x0000000000000000,Other,0,0,0,3.34971360000000,0.00000000000000,11.14590000000000,1,Hardware: Legacy Flip,6.78590000000000,6.78590000000000,11.42910000000000
javaw.exe,9436,0x0000000000000000,Other,0,0,0,3.36121940000000,0.00000000000000,11.50580000000000,1,Hardware: Legacy Flip,6.54130000000000,6.54130000000000,11.26120000000000
javaw.exe,9436,0x0000000000000000,Other,0,0,0,3.37397780000000,0.00000000000000,12.75840000000000,1,Hardware: Legacy Flip,6.74110000000000,6.74110000000000,12.95820000000000
javaw.exe,9436,0x0000000000000000,Other,0,0,0,3.38525890000000,0.00000000000000,11.28110000000000,1,Hardware: Legacy Flip,6.41920000000000,6.41920000000000,10.95920000000000
javaw.exe,9436,0x0000000000000000,Other,0,0,0,3.39707700000000,0.00000000000000,11.81810000000000,1,Hardware: Legacy Flip,6.51360000000000,6.51360000000000,11.91250000000000
javaw.exe,9436,0x0000000000000000,Other,0,0,0,3.40863640000000,0.00000000000000,11.55940000000000,1,Hardware: Legacy Flip,2.57750000000000,2.57750000000000,7.62330000000000
javaw.exe,9436,0x0000000000000000,Other,0,0,0,3.41954260000000,0.00000000000000,10.90620000000000,1,Hardware: Legacy Flip,6.54380000000000,6.54380000000000,14.87250000000000
javaw.exe,9436,0x0000000000000000,Other,0,0,0,3.43100420000000,0.00000000000000,11.46160000000000,1,Hardware: Legacy Flip,6.48280000000000,6.48280000000000,11.40060000000000
javaw.exe,9436,0x0000000000000000,Other,0,0,0,3.44250850000000,0.00000000000000,11.50430000000000,1,Hardware: Legacy Flip,6.71030000000000,6.71030000000000,11.73180000000000
javaw.exe,9436,0x0000000000000000,Other,0,0,0,3.45225550000000,0.00000000000000,9.74700000000000,1,Hardware: Legacy Flip,6.73070000000000,6.73070000000000,9.76740000000000
javaw.exe,9436,0x0000000000000000,Other,0,0,0,3.46125880000000,0.00000000000000,9.00330000000000,1,Hardware: Legacy Flip,6.88410000000000,6.88410000000000,9.15670000000000
javaw.exe,9436,0x0000000000000000,Other,0,0,0,3.47140710000000,0.00000000000000,10.14830000000000,1,Hardware: Legacy Flip,6.72600000000000,6.72600000000000,9.99020000000000
javaw.exe,9436,0x0000000000000000,Other,0,0,0,3.48524940000000,0.00000000000000,13.84230000000000,1,Hardware: Legacy Flip,6.49360000000000,6.49360000000000,13.60990000000000
javaw.exe,9436,0x0000000000000000,Other,0,0,0,3.49781340000000,0.00000000000000,12.56400000000000,1,Hardware: Legacy Flip,6.52570000000000,6.52570000000000,12.59610000000000
javaw.exe,9436,0x0000000000000000,Other,0,0,0,3.50847850000000,0.00000000000000,10.66510000000000,1,Hardware: Legacy Flip,4.16200000000000,4.16200000000000,8.30140000000000
javaw.exe,9436,0x0000000000000000,Other,0,0,0,3.51954620000000,0.00000000000000,11.06770000000000,1,Hardware: Legacy Flip,6.41410000000000,6.41410000000000,13.31980000000000
javaw.exe,9436,0x0000000000000000,Other,0,0,0,3.53067180000000,0.00000000000000,11.12560000000000,1,Hardware: Legacy Flip,6.57030000000000,6.57030000000000,11.28180000000000
javaw.exe,9436,0x0000000000000000,Other,0,0,0,3.54007460000000,0.00000000000000,9.40280000000000,1,Hardware: Legacy Flip,6.65820000000000,6.65820000000000,9.49070000000000
javaw.exe,9436,0x0000000000000000,Other,0,0,0,3.55256510000000,0.00000000000000,12.49050000000000,1,Hardware: Legacy Flip,6.60280000000000,6.60280000000000,12.43510000000000
javaw.exe,9436,0x0000000000000000,Other,0,0,0,3.56421820000000,0.00000000000000,11.65310000000000,1,Hardware: Legacy Flip,6.97880000000000,6.97880000000000,12.02910000000000
javaw.exe,9436,0x0000000000000000,Other,0,0,0,3.57421130000000,0.00000000000000,9.99310000000000,1,Hardware: Legacy Flip,6.85400000000000,6.85400000000000,9.86830000000000
javaw.exe,9436,0x0000000000000000,Other,0,0,0,3.58411590000000,0.00000000000000,9.90460000000000,1,Hardware: Legacy Flip,6.78370000000000,6.78370000000000,9.83430000000000
javaw.exe,9436,0x0000000000000000,Other,0,0,0,3.59489510000000,0.00000000000000,10.77920000000000,1,Hardware: Legacy Flip,6.82620000000000,6.82620000000000,10.82170000000000
javaw.exe,9436,0x0000000000000000,Other,0,0,0,3.60497870000000,0.00000000000000,10.08360000000000,1,Hardware: Legacy Flip,4.80480000000000,4.80480000000000,8.06220000000000
javaw.exe,9436,0x0000000000000000,Other,0,0,0,3.61465060000000,0.00000000000000,9.67190000000000,1,Hardware: Legacy Flip,6.73680000000000,6.73680000000000,11.60390000000000
javaw.exe,9436,0x0000000000000000,Other,0,0,0,3.62452570000000,0.00000000000000,9.87510000000000,1,Hardware: Legacy Flip,6.62540000000000,6.62540000000000,9.76370000000000
javaw.exe,9436,0x0000000000000000,Other,0,0,0,3.63579870000000,0.00000000000000,11.27300000000000,1,Hardware: Legacy Flip,6.68120000000000,6.68120000000000,11.32880000000000
javaw.exe,9436,0x0000000000000000,Other,0,0,0,3.64636980000000,0.00000000000000,10.57110000000000,1,Hardware: Legacy Flip,6.67730000000000,6.67730000000000,10.56720000000000
javaw.exe,9436,0x0000000000000000,Other,0,0,0,3.65967800000000,0.00000000000000,13.30820000000000,1,Hardware: Legacy Flip,6.56720000000000,6.56720000000000,13.19810000000000
javaw.exe,9436,0x0000000000000000,Other,0,0,0,3.67142860000000,0.00000000000000,11.75060000000000,1,Hardware: Legacy Flip,6.40040000000000,6.40040000000000,11.58380000000000
javaw.exe,9436,0x0000000000000000,Other,0,0,0,3.68168260000000,0.00000000000000,10.25400000000000,1,Hardware: Legacy Flip,6.71250000000000,6.71250000000000,10.56610000000000
javaw.exe,9436,0x0000000000000000,Other,0,0,0,3.69341880000000,0.00000000000000,11.73620000000000,1,Hardware: Legacy Flip,6.46200000000000,6.46200000000000,11.48570000000000
javaw.exe,9436,0x0000000000000000,Other,0,0,0,3.70714870000000,0.00000000000000,13.72990000000000,1,Hardware: Legacy Flip,4.37500000000000,4.37500000000000,11.64290000000000
javaw.exe,9436,0x0000000000000000,Other,0,0,0,3.71738130000000,0.00000000000000,10.23260000000000,1,Hardware: Legacy Flip,6.80100000000000,6.80100000000000,12.65860000000000
javaw.exe,9436,0x0000000000000000,Other,0,0,0,3.72789590000000,0.00000000000000,10.51460000000000,1,Hardware: Legacy Flip,6.52180000000000,6.52180000000000,10.23540000000000
javaw.exe,9436,0x0000000000000000,Other,0,0,0,3.73836490000000,0.00000000000000,10.46900000000000,1,Hardware: Legacy Flip,6.40210000000000,6.40210000000000,10.34930000000000
javaw.exe,9436,0x0000000000000000,Other,0,0,0,3.74916990000000,0.00000000000000,10.80500000000000,1,Hardware: Legacy Flip,6.71870000000000,6.71870000000000,11.12160000000000
javaw.exe,9436,0x0000000000000000,Other,0,0,0,3.75887740000000,0.00000000000000,9.70750000000000,1,Hardware: Legacy Flip,6.65260000000000,6.65260000000000,9.64140000000000
javaw.exe,9436,0x0000000000000000,Other,0,0,0,3.76881970000000,0.00000000000000,9.94230000000000,1,Hardware: Legacy Flip,6.76960000000000,6.76960000000000,10.05930000000000
javaw.exe,9436,0x0000000000000000,Other,0,0,0,3.77923990000000,0.00000000000000,10.42020000000000,1,Hardware: Legacy Flip,6.46690000000000,6.46690000000000,10.11750000000000
javaw.exe,9436,0x0000000000000000,Other,0,0,0,3.79529480000000,0.00000000000000,16.05490000000000,1,Hardware: Legacy Flip,6.62130000000000,6.62130000000000,16.20930000000000
javaw.exe,9436,0x0000000000000000,Other,0,0,0,3.80629080000000,0.00000000000000,10.99600000000000,1,Hardware: Legacy Flip,4.81200000000000,4.81200000000000,9.18670000000000
javaw.exe,9436,0x0000000000000000,Other,0,0,0,3.81824780000000,0.00000000000000,11.95700000000000,1,Hardware: Legacy Flip,6.45880000000000,6.45880000000000,13.60380000000000
javaw.exe,9436,0x0000000000000000,Other,0,0,0,3.82874150000000,0.00000000000000,10.49370000000000,1,Hardware: Legacy Flip,6.43610000000000,6.43610000000000,10.47100000000000
javaw.exe,9436,0x0000000000000000,Other,0,0,0,3.83820720000000,0.00000000000000,9.46570000000000,1,Hardware: Legacy Flip,6.41630000000000,6.41630000000000,9.44590000000000
javaw.exe,9436,0x0000000000000000,Other,0,0,0,3.85045330000000,0.00000000000000,12.24610000000000,1,Hardware: Legacy Flip,6.50290000000000,6.50290000000000,12.33270000000000
javaw.exe,9436,0x0000000000000000,Other,0,0,0,3.86273890000000,0.00000000000000,12.28560000000000,1,Hardware: Legacy Flip,6.55660000000000,6.55660000000000,12.33930000000000
javaw.exe,9436,0x0000000000000000,Other,0,0,0,3.87222650000000,0.00000000000000,9.48760000000000,1,Hardware: Legacy Flip,6.41940000000000,6.41940000000000,9.35040000000000
javaw.exe,9436,0x0000000000000000,Other,0,0,0,3.88424070000000,0.00000000000000,12.01420000000000,1,Hardware: Legacy Flip,6.39160000000000,6.39160000000000,11.98640000000000
javaw.exe,9436,0x0000000000000000,Other,0,0,0,3.89752330000000,0.00000000000000,13.28260000000000,1,Hardware: Legacy Flip,6.45830000000000,6.45830000000000,13.34930000000000
javaw.exe,9436,0x0000000000000000,Other,0,0,0,3.90820060000000,0.00000000000000,10.67730000000000,1,Hardware: Legacy Flip,4.69150000000000,4.69150000000000,8.91050000000000
javaw.exe,9436,0x0000000000000000,Other,0,0,0,3.92243040000000,0.00000000000000,14.22980000000000,1,Hardware: Legacy Flip,6.55930000000000,6.55930000000000,16.09760000000000
javaw.exe,9436,0x0000000000000000,Other,0,0,0,3.93391070000000,0.00000000000000,11.48030000000000,1,Hardware: Legacy Flip,6.34930000000000,6.34930000000000,11.27030000000000
javaw.exe,9436,0x0000000000000000,Other,0,0,0,3.94441910000000,0.00000000000000,10.50840000000000,1,Hardware: Legacy Flip,6.33380000000000,6.33380000000000,10.49290000000000
javaw.exe,9436,0x0000000000000000,Other,0,0,0,3.95419010000000,0.00000000000000,9.77100000000000,1,Hardware: Legacy Flip,6.42290000000000,6.42290000000000,9.86010000000000
javaw.exe,9436,0x0000000000000000,Other,0,0,0,3.96371160000000,0.00000000000000,9.52150000000000,1,Hardware: Legacy Flip,6.43550000000000,6.43550000000000,9.53410000000000
javaw.exe,9436,0x0000000000000000,Other,0,0,0,3.97330610000000,0.00000000000000,9.59450000000000,1,Hardware: Legacy Flip,6.57400000000000,6.57400000000000,9.73300000000000
javaw.exe,9436,0x0000000000000000,Other,0,0,0,3.98394670000000,0.00000000000000,10.64060000000000,1,Hardware: Legacy Flip,6.59710000000000,6.59710000000000,10.66370000000000
javaw.exe,9436,0x0000000000000000,Other,0,0,0,3.99620550000000,0.00000000000000,12.25880000000000,1,Hardware: Legacy Flip,6.51030000000000,6.51030000000000,12.17200000000000
javaw.exe,9436,0x0000000000000000,Other,0,0,0,4.00661380000000,0.00000000000000,10.40830000000000,1,Hardware: Legacy Flip,6.62000000000000,6.62000000000000,10.51800000000000
javaw.exe,9436,0x0000000000000000,Other,0,0,0,4.01835920000000,0.00000000000000,11.74540000000000,1,Hardware: Legacy Flip,4.43370000000000,4.43370000000000,9.55910000000000
javaw.exe,9436,0x0000000000000000,Other,0,0,0,4.03134980000000,0.00000000000000,12.99060000000000,1,Hardware: Legacy Flip,6.61460000000000,6.61460000000000,15.17150000000000
javaw.exe,9436,0x0000000000000000,Other,0,0,0,4.04245100000000,0.00000000000000,11.10120000000000,1,Hardware: Legacy Flip,6.62220000000000,6.62220000000000,11.10880000000000
javaw.exe,9436,0x0000000000000000,Other,0,0,0,4.05651400000000,0.00000000000000,14.06300000000000,1,Hardware: Legacy Flip,6.45870000000000,6.45870000000000,13.89950000000000
javaw.exe,9436,0x0000000000000000,Other,0,0,0,4.06764330000000,0.00000000000000,11.12930000000000,1,Hardware: Legacy Flip,6.43050000000000,6.43050000000000,11.10110000000000
javaw.exe,9436,0x0000000000000000,Other,0,0,0,4.08142730000000,0.00000000000000,13.78400000000000,1,Hardware: Legacy Flip,6.33680000000000,6.33680000000000,13.69030000000000
javaw.exe,9436,0x0000000000000000,Other,0,0,0,4.09121930000000,0.00000000000000,9.79200000000000,1,Hardware: Legacy Flip,6.44810000000000,6.44810000000000,9.90330000000000
javaw.exe,9436,0x0000000000000000,Other,0,0,0,4.10352810000000,0.00000000000000,12.30880000000000,1,Hardware: Legacy Flip,6.38000000000000,6.38000000000000,12.24070000000000
javaw.exe,9436,0x0000000000000000,Other,0,0,0,4.11546360000000,0.00000000000000,11.93550000000000,1,Hardware: Legacy Flip,6.39510000000000,6.39510000000000,11.95060000000000
javaw.exe,9436,0x0000000000000000,Other,0,0,0,4.12671330000000,0.00000000000000,11.24970000000000,1,Hardware: Legacy Flip,4.25500000000000,4.25500000000000,9.10960000000000
javaw.exe,9436,0x0000000000000000,Other,0,0,0,4.13873330000000,0.00000000000000,12.02000000000000,1,Hardware: Legacy Flip,6.56450000000000,6.56450000000000,14.32950000000000
javaw.exe,9436,0x0000000000000000,Other,0,0,0,4.15012520000000,0.00000000000000,11.39190000000000,1,Hardware: Legacy Flip,6.49750000000000,6.49750000000000,11.32490000000000
javaw.exe,9436,0x0000000000000000,Other,0,0,0,4.16041230000000,0.00000000000000,10.28710000000000,1,Hardware: Legacy Flip,6.45220000000000,6.45220000000000,10.24180000000000
javaw.exe,9436,0x0000000000000000,Other,0,0,0,4.17019450000000,0.00000000000000,9.78220000000000,1,Hardware: Legacy Flip,6.52170000000000,6.52170000000000,9.85170000000000
javaw.exe,9436,0x0000000000000000,Other,0,0,0,4.18052860000000,0.00000000000000,10.33410000000000,1,Hardware: Legacy Flip,6.64150000000000,6.64150000000000,10.45390000000000
javaw.exe,9436,0x0000000000000000,Other,0,0,0,4.19577230000000,0.00000000000000,15.24370000000000,1,Hardware: Legacy Flip,6.48760000000000,6.48760000000000,15.08980000000000
javaw.exe,9436,0x0000000000000000,Other,0,0,0,4.20978450000000,0.00000000000000,14.01220000000000,1,Hardware: Legacy Flip,6.44240000000000,6.44240000000000,13.96700000000000
javaw.exe,9436,0x0000000000000000,Other,0,0,0,4.22637750000000,0.00000000000000,16.59300000000000,1,Hardware: Legacy Flip,6.41560000000000,6.41560000000000,16.56620000000000
javaw.exe,9436,0x0000000000000000,Other,0,0,0,4.24123630000000,0.00000000000000,14.85880000000000,1,Hardware: Legacy Flip,3.32150000000000,3.32150000000000,11.76470000000000
javaw.exe,9436,0x0000000000000000,Other,0,0,0,4.25687640000000,0.00000000000000,15.64010000000000,1,Hardware: Legacy Flip,6.58980000000000,6.58980000000000,18.90840000000000
javaw.exe,9436,0x0000000000000000,Other,0,0,0,4.27395810000000,0.00000000000000,17.08170000000000,1,Hardware: Legacy Flip,6.52600000000000,6.52600000000000,17.01790000000000
javaw.exe,9436,0x0000000000000000,Other,0,0,0,4.28731240000000,0.00000000000000,13.35430000000000,1,Hardware: Legacy Flip,6.37070000000000,6.37070000000000,13.19900000000000
javaw.exe,9436,0x0000000000000000,Other,0,0,0,4.30338050000000,0.00000000000000,16.06810000000000,1,Hardware: Legacy Flip,6.36230000000000,6.36230000000000,16.05970000000000
javaw.exe,9436,0x0000000000000000,Other,0,0,0,4.31907630000000,0.00000000000000,15.69580000000000,1,Hardware: Legacy Flip,6.42670000000000,6.42670000000000,15.76020000000000
javaw.exe,9436,0x0000000000000000,Other,0,0,0,4.33657270000000,0.00000000000000,17.49640000000000,1,Hardware: Legacy Flip,6.46900000000000,6.46900000000000,17.53870000000000
javaw.exe,9436,0x0000000000000000,Other,0,0,0,4.34670860000000,0.00000000000000,10.13590000000000,1,Hardware: Legacy Flip,6.58720000000000,6.58720000000000,10.25410000000000
